[
 {
  "label": "Dataset",
  "resource": "http://purl.org/dc/dcmitype/Dataset"
 },
 {
  "label": "Technical Report",
  "resource": "http://purl.org/spar/fabio/TechnicalReport"
 },
 {
  "label": "Dataset Collection",
  "resource": "http://purl.org/spar/fabio/MetadataDocument"
 },
  {
  "label": "Discovery Metadata",
  "resource": "http://purl.org/spar/fabio/MetadataDocument"
 },
  {
  "label": "Browse Metadata",
  "resource": "http://purl.org/spar/fabio/MetadataDocument"
 }
]
