[
 {
  "label": "Annotation",
  "resource": "http://www.w3.org/ns/oa#Annotation"
 },
 {
  "label": "Dataset",
  "resource": "http://purl.org/dc/dcmitype/Dataset"
 },
 {
  "label": "Document",
  "resource": "http://purl.org/voc/charme#DocType"
 },
 {
  "label": "Technical Report",
  "resource": "http://purl.org/spar/fabio/TechnicalReport"
 },
 {
  "label": "Conference Paper",
  "resource": "http://purl.org/spar/fabio/ConferencePaper"
 },
 {
  "label": "Journal Article",
  "resource": "http://purl.org/spar/fabio/JournalArticle"
 },
 {
  "label": "Article",
  "resource": "http://purl.org/spar/fabio/Article"
 },
 {
  "label": "Metadata Document",
  "resource": "http://purl.org/spar/fabio/MetadataDocument"
 },
 {
  "label": "Academic Proceedings",
  "resource": "http://purl.org/spar/fabio/AcademicProceedings"
 },
 {
  "label": "Algorithm Theoretical Basis Document",
  "resource": "http://purl.org/voc/charme#AlgorithmTheoreticalBasisDocument"
 },
 {
  "label": "Product User Manual",
  "resource": "http://purl.org/voc/charme#ProductUserManual"
 },
 {
  "label": "Validation Report",
  "resource": "http://purl.org/voc/charme#ValidationReport"
 },
 {
  "label": "Operation Report",
  "resource": "http://purl.org/voc/charme#OperationReport"
 },
 {
  "label": "Service Message",
  "resource": "http://purl.org/voc/charme#ServiceMessage"
 },
 {
  "label": "Product Change Log",
  "resource": "http://purl.org/voc/charme#ProductChangeLog"
 },
 {
  "label": "Known Product Disruption",
  "resource": "http://purl.org/voc/charme#KnownProductDisruption"
 },
 {
  "label": "Significant Events",
  "resource": "http://purl.org/voc/charme#SignificantEvents"
 },
 {
  "label": "Significant Event",
  "resource": "http://purl.org/voc/charme#SignificantEvent"
 },
 {
  "label": "Location",
  "resource": "http://purl.org/voc/charme#Location"
 },
 {
  "label": "country",
  "resource": "http://purl.org/voc/charme#country"
 },
 {
  "label": "named Region",
  "resource": "http://purl.org/voc/charme#namedRegion"
 },
 {
  "label": "location",
  "resource": "http://purl.org/voc/charme#location"
 },
 {
  "label": "event Name",
  "resource": "http://purl.org/voc/charme#eventName"
 },
 {
  "label": "event Summary",
  "resource": "http://purl.org/voc/charme#eventSummary"
 },
 {
  "label": "Climate Event",
  "resource": "http://purl.org/voc/charme#ClimateEvent"
 },
 {
  "label": "Hurricane Event",
  "resource": "http://purl.org/voc/charme#HurricaneEvent"
 },
 {
  "label": "Volcanic Eruption Event",
  "resource": "http://purl.org/voc/charme#VolcanicEruptionEvent"
 },
 {
  "label": "El Nino Event",
  "resource": "http://purl.org/voc/charme#ElNinoEvent"
 },
 {
  "label": "Drought Event",
  "resource": "http://purl.org/voc/charme#DroughtEvent"
 },
 {
  "label": "Storm Event",
  "resource": "http://purl.org/voc/charme#StormEvent"
 },
 {
  "label": "Wildfires Event",
  "resource": "http://purl.org/voc/charme#WildfiresEvent"
 },
 {
  "label": "Software And System Event",
  "resource": "http://purl.org/voc/charme#SoftwareAndSystemEvent"
 },
 {
  "label": "Ifs Event",
  "resource": "http://purl.org/voc/charme#IfsEvent"
 },
 {
  "label": "System Event",
  "resource": "http://purl.org/voc/charme#SystemEvent"
 },
 {
  "label": "Data And Observing System Events",
  "resource": "http://purl.org/voc/charme#DataAndObservingSystemEvents"
 },
 {
  "label": "Satellite Event",
  "resource": "http://purl.org/voc/charme#SatelliteEvent"
 },
 {
  "label": "Dropsonde Event",
  "resource": "http://purl.org/voc/charme#DropsondeEvent"
 },
 {
  "label": "Aircraft Event",
  "resource": "http://purl.org/voc/charme#AircraftEvent"
 },
 {
  "label": "Buoy Event",
  "resource": "http://purl.org/voc/charme#BuoyEvent"
 },
 {
  "label": "Ship Event",
  "resource": "http://purl.org/voc/charme#ShipEvent"
 },
 {
  "label": "Land Station Event",
  "resource": "http://purl.org/voc/charme#LandStationEvent"
 },
 {
  "label": "Mobile Event",
  "resource": "http://purl.org/voc/charme#MobileEvent"
 },
 {
  "label": "Alarm Event",
  "resource": "http://purl.org/voc/charme#AlarmEvent"
 },
 {
  "label": "Operational Event",
  "resource": "http://purl.org/voc/charme#OperationalEvent"
 },
 {
  "label": "Dataset Subset",
  "resource": "http://purl.org/voc/charme#DatasetSubset"
 },
 {
  "label": "Subset Selector",
  "resource": "http://purl.org/voc/charme#SubsetSelector"
 },
 {
  "label": "has Variable",
  "resource": "http://purl.org/voc/charme#hasVariable"
 },
 {
  "label": "Variable",
  "resource": "http://purl.org/voc/charme#Variable"
 },
 {
  "label": "has Spatial Extent",
  "resource": "http://purl.org/voc/charme#hasSpatialExtent"
 },
 {
  "label": "has Vertical Extent",
  "resource": "http://purl.org/voc/charme#hasVerticalExtent"
 },
 {
  "label": "has Temporal Extent",
  "resource": "http://purl.org/voc/charme#hasTemporalExtent"
 },
 {
  "label": "has Internal Name",
  "resource": "http://purl.org/voc/charme#hasInternalName"
 },
 {
  "label": "has Cf Name",
  "resource": "http://purl.org/voc/charme#hasCfName"
 },
 {
  "label": "has Named Region",
  "resource": "http://purl.org/voc/charme#hasNamedRegion"
 },
 {
  "label": "has Calendar",
  "resource": "http://purl.org/voc/charme#hasCalendar"
 },
 {
  "label": "has Temporal Start",
  "resource": "http://purl.org/voc/charme#hasTemporalStart"
 },
 {
  "label": "has Temporal End",
  "resource": "http://purl.org/voc/charme#hasTemporalEnd"
 },
 {
  "label": "Calendars",
  "resource": "http://purl.org/voc/charme#Calendars"
 },
 {
  "label": "Calendar",
  "resource": "http://purl.org/voc/charme#Calendar"
 },
 {
  "label": "Gregorian",
  "resource": "http://purl.org/voc/charme#Gregorian"
 }
]
